¿­1,name,age,marketvalue,2019/2020 league playing time(min),2019/2020 league mean rating
1,Kylian Mbappe,21,¢æ180.00m,1516 ,8.14
2,Raheem Sterling,25,¢æ128.00m,2661 ,7.35
3,Neymar,28,¢æ128.00m,1322 ,8.58
4,Sadio Mane,28,¢æ120.00m,2756 ,7.45
5,Mohamed Salah,28,¢æ120.00m,2888 ,7.40
6,Harry Kane,27,¢æ120.00m,2590 ,7.33
7,Kevin De Bruyne,29,¢æ120.00m,2800 ,7.97
8,Trent Alexander-Arnold,22,¢æ110.00m,3176 ,7.20
9,Joao Felix,21,¢æ100.00m,1748 ,6.64
10,Erling Haaland,20,¢æ100.00m,1437 ,7.45
11,Jadon Sancho,20,¢æ100.00m,2292 ,7.64
12,Lionel Messi,33,¢æ100.00m,2881 ,8.71
13,Serge Gnabry,25,¢æ90.00m,2203 ,7.49
14,Jan Oblak,27,¢æ90.00m,3396 ,6.60
15,Joshua Kimmich,25,¢æ85.00m,2822 ,7.40
16,Romelu Lukaku,27,¢æ85.00m,2984 ,7.30
17,Kai Havertz,21,¢æ81.00m,2462 ,7.24
18,Ansu Fati,18,¢æ80.00m,1027 ,6.73
19,Alphonso Davies,20,¢æ80.00m,2234 ,7.52
20,Marcus Rashford,23,¢æ80.00m,2655 ,7.35
21,Bernardo Silva,26,¢æ80.00m,2031 ,7.03
22,Bruno Fernandes,26,¢æ80.00m,2753 ,7.78
23,Paulo Dybala,27,¢æ80.00m,2165 ,7.44
24,Virgil van Dijk,29,¢æ80.00m,3420 ,7.32
25,Antoine Griezmann,29,¢æ80.00m,2562 ,6.97
26,Paul Pogba,27,¢æ80.00m,1205 ,7.18
27,Alisson,28,¢æ80.00m,2545 ,6.62
28,Andrew Robertson,26,¢æ75.00m,3114 ,7.11
29,Thibaut Courtois,28,¢æ75.00m,3060 ,6.84
30,Heung-min Son,28,¢æ75.00m,2487 ,7.24
31,Marc-Andre ter Stegen,28,¢æ75.00m,3240 ,6.66
32,Roberto Firmino,29,¢æ72.00m,3003 ,7.14
33,Lautaro Martinez,23,¢æ70.00m,2467 ,6.99
34,Federico Valverde,22,¢æ70.00m,1906 ,6.73
35,Frenkie de Jong,23,¢æ70.00m,2121 ,6.85
36,Matthijs de Ligt,21,¢æ70.00m,2448 ,6.79
37,Jose Gimenez,25,¢æ70.00m,1753 ,6.82
38,N'Golo Kante,29,¢æ70.00m,1733 ,6.90
39,Leroy Sane,24,¢æ70.00m,11 ,6.23
40,Marquinhos,26,¢æ70.00m,1474 ,7.19
41,Timo Werner,24,¢æ70.00m,2809 ,7.60
42,Raphael Varane,27,¢æ70.00m,2823 ,6.98
43,Saul Niguez,26,¢æ70.00m,3076 ,7.22
44,Sergej Milinkovic-Savic,25,¢æ65.00m,3038 ,7.27
45,Kalidou Koulibaly,29,¢æ65.00m,2108 ,6.72
46,David Alaba,28,¢æ65.00m,2498 ,6.99
47,Casemiro,28,¢æ65.00m,3091 ,7.47
48,Rodri,24,¢æ64.00m,2488 ,7.09
49,Phil Foden,20,¢æ60.00m,893 ,6.86
50,Richarlison,23,¢æ60.00m,3111 ,7.19
51,Gabriel Jesus,23,¢æ60.00m,2026 ,7.26
52,Arthur,24,¢æ60.00m,1185 ,6.84
53,Mikel Oyarzabal,23,¢æ60.00m,3063 ,7.05
54,Dayot Upamecano,22,¢æ60.00m,2360 ,7.06
55,Gianluigi Donnarumma,21,¢æ60.00m,3202 ,6.81
56,Christian Pulisic,22,¢æ60.00m,1727 ,7.18
57,Fabinho,27,¢æ60.00m,2075 ,6.89
58,Anthony Martial,24,¢æ60.00m,2640 ,7.31
59,Aymeric Laporte,26,¢æ60.00m,1104 ,7.00
60,Leon Goretzka,25,¢æ60.00m,1513 ,7.17
61,Stefan de Vrij,28,¢æ60.00m,2830 ,6.92
62,Marco Verratti,28,¢æ60.00m,1482 ,7.32
63,Philippe Coutinho,28,¢æ60.00m,1414 ,7.22
64,Koke,28,¢æ60.00m,2699 ,7.02
65,Eden Hazard,29,¢æ60.00m,1088 ,7.30
66,Robert Lewandowski,32,¢æ60.00m,2762 ,8.13
67,Cristiano Ronaldo,35,¢æ60.00m,2919 ,7.82
68,Ederson,27,¢æ56.00m,3072 ,6.62
69,Declan Rice,21,¢æ55.00m,3420 ,7.01
70,James Maddison,24,¢æ55.00m,2629 ,7.34
71,Mauro Icardi,27,¢æ55.00m,1268 ,7.15
72,Dele Alli,24,¢æ52.00m,1854 ,6.87
73,Eduardo Camavinga,18,¢æ50.00m,2112 ,7.12
74,Mason Greenwood,19,¢æ50.00m,1313 ,6.73
75,Renan Lodi,22,¢æ50.00m,2399 ,6.76
76,Victor Osimhen,21,¢æ50.00m,2289 ,7.14
77,Achraf Hakimi,22,¢æ50.00m,2717 ,7.32
78,Houssem Aouar,22,¢æ50.00m,1963 ,7.02
79,Vinicius Junior,20,¢æ50.00m,1354 ,6.66
80,Rodrigo Bentancur,23,¢æ50.00m,2199 ,7.10
81,Fabian Ruiz,24,¢æ50.00m,2689 ,7.03
82,Diego Carlos,27,¢æ50.00m,3135 ,6.90
83,Ben Chilwell,23,¢æ50.00m,2376 ,6.96
84,Ousmane Dembele,23,¢æ50.00m,358 ,6.70
85,Lucas Hernandez,24,¢æ50.00m,916 ,6.51
86,Ruben Dias,23,¢æ50.00m,2970 ,7.07
87,Nicolo Barella,23,¢æ50.00m,2018 ,6.80
88,Thomas Partey,27,¢æ50.00m,2553 ,7.08
89,Ruben Neves,23,¢æ50.00m,3060 ,6.82
90,Milan Skriniar,25,¢æ50.00m,2628 ,6.61
91,Lucas Ocampos,26,¢æ50.00m,2756 ,7.21
92,Clement Lenglet,25,¢æ50.00m,2428 ,6.90
93,Harry Maguire,27,¢æ50.00m,3450 ,7.12
94,Wilfried Zaha,28,¢æ50.00m,3280 ,6.98
95,Luis Alberto,28,¢æ50.00m,3122 ,7.55
96,Jorginho,28,¢æ50.00m,2384 ,6.85
97,Christian Eriksen,28,¢æ50.00m,1793 ,6.56
98,Pierre-Emerick Aubameyang,31,¢æ50.00m,3139 ,7.03
99,Miralem Pjanic,30,¢æ50.00m,2286 ,7.08
100,Toni Kroos,30,¢æ50.00m,2656 ,7.20
101,Federico Chiesa,23,¢æ48.00m,2651 ,7.05
102,Riyad Mahrez,29,¢æ48.00m,1942 ,7.48
103,Niklas Sule,25,¢æ48.00m,642 ,6.86
104,Lorenzo Insigne,29,¢æ48.00m,2823 ,7.11
105,Thiago,29,¢æ48.00m,1772 ,7.47
106,Dejan Kulusevski,20,¢æ45.00m,2938 ,7.12
107,Rodrygo,19,¢æ45.00m,1023 ,6.72
108,Ferran Torres,20,¢æ45.00m,2260 ,6.72
109,Nicolo Zaniolo,21,¢æ45.00m,1535 ,6.87
110,Benjamin Pavard,24,¢æ45.00m,2790 ,7.19
111,Mason Mount,21,¢æ45.00m,2875 ,6.91
112,Davinson Sanchez,24,¢æ45.00m,2432 ,6.66
113,Theo Hernandez,23,¢æ45.00m,2819 ,7.19
114,Martin Odegaard,21,¢æ45.00m,2533 ,7.10
115,Alessandro Bastoni,21,¢æ45.00m,1922 ,6.76
116,Marcos Llorente,25,¢æ45.00m,1368 ,6.59
117,Wilfred Ndidi,23,¢æ45.00m,2674 ,7.23
118,Youri Tielemans,23,¢æ45.00m,2834 ,6.88
119,Jack Grealish,25,¢æ45.00m,3234 ,7.23
120,Memphis Depay,26,¢æ45.00m,1022 ,7.59
121,Ciro Immobile,30,¢æ45.00m,3176 ,7.57
122,Mateo Kovacic,26,¢æ45.00m,2073 ,6.94
123,Donny van de Beek,23,¢æ44.00m,1916 ,7.41
124,Alexandre Lacazette,29,¢æ42.00m,1878 ,6.92
125,Sergio Aguero,32,¢æ42.00m,1460 ,7.16
126,Ibrahima Konate,21,¢æ40.50m,568 ,6.81
127,Aaron Wan-Bissaka,23,¢æ40.00m,3102 ,7.19
128,Tanguy Ndombele,23,¢æ40.00m,1011 ,6.71
129,Bukayo Saka,19,¢æ40.00m,1755 ,6.65
130,Jules Kounde,22,¢æ40.00m,2307 ,6.87
131,Eder Militao,22,¢æ40.00m,1020 ,6.85
132,Pau Torres,23,¢æ40.00m,2971 ,6.67
133,Nicolas Pepe,25,¢æ40.00m,2016 ,7.06
134,Diogo Jota,23,¢æ40.00m,2298 ,6.76
135,Denis Zakaria,24,¢æ40.00m,1947 ,7.15
136,Tammy Abraham,23,¢æ40.00m,2221 ,6.91
137,Caglar Soyuncu,24,¢æ40.00m,3037 ,7.04
138,Marcus Thuram,23,¢æ40.00m,2217 ,7.30
139,Dominic Calvert-Lewin,23,¢æ40.00m,2660 ,6.87
140,Naby Keita,25,¢æ40.00m,814 ,6.94
141,Marco Asensio,24,¢æ40.00m,334 ,6.79
142,Ferland Mendy,25,¢æ40.00m,1806 ,7.01
143,Angel Correa,25,¢æ40.00m,2065 ,6.67
144,Joe Gomez,23,¢æ40.00m,2000 ,6.78
145,Alex Telles,27,¢æ40.00m,2558 ,7.37
146,Kingsley Coman,24,¢æ40.00m,1507 ,7.13
147,Moussa Dembele,24,¢æ40.00m,2189 ,7.06
148,Hakim Ziyech,27,¢æ40.00m,1619 ,8.19
149,Raul Jimenez,29,¢æ40.00m,3252 ,7.25
150,Adama Traore,24,¢æ40.00m,2608 ,7.49
151,Nathan Ake,25,¢æ40.00m,2505 ,6.75
152,Marcelo Brozovic,28,¢æ40.00m,2703 ,7.15
153,Wissam Ben Yedder,30,¢æ40.00m,2173 ,7.35
154,Daniel Carvajal,28,¢æ40.00m,2741 ,7.18
155,Alvaro Morata,28,¢æ40.00m,2105 ,6.88
156,Kyle Walker,30,¢æ40.00m,2398 ,6.90
157,Duvan Zapata,29,¢æ40.00m,2038 ,7.41
158,Ilkay Gundogan,30,¢æ40.00m,2017 ,6.70
159,Georginio Wijnaldum,30,¢æ40.00m,2948 ,6.81
160,Lukas Klostermann,24,¢æ38.00m,2647 ,6.89
161,David Neres,23,¢æ36.00m,635 ,7.21
162,Moussa Diaby,21,¢æ36.00m,1771 ,6.93
163,Jonathan Ikone,22,¢æ36.00m,2075 ,6.85
164,Andre Onana,24,¢æ36.00m,2160 ,6.76
165,Alessio Romagnoli,25,¢æ36.00m,3092 ,6.86
166,Joao Cancelo,26,¢æ36.00m,1206 ,7.21
167,Maxi Gomez,24,¢æ35.00m,2149 ,6.70
168,Callum Hudson-Odoi,20,¢æ35.00m,852 ,6.56
169,Giovani Lo Celso,24,¢æ35.00m,1489 ,6.62
170,Mikel Merino,24,¢æ35.00m,3144 ,7.31
171,Franck Kessie,23,¢æ35.00m,2912 ,6.75
172,Presnel Kimpembe,25,¢æ35.00m,1224 ,7.00
173,Nelson Semedo,27,¢æ35.00m,2097 ,6.79
174,Julian Brandt,24,¢æ35.00m,2210 ,7.04
175,Piotr Zielinski,26,¢æ35.00m,2926 ,6.79
176,Raphael Guerreiro,26,¢æ35.00m,2340 ,7.32
177,Andrea Belotti,26,¢æ35.00m,3011 ,7.12
178,Alassane Plea,27,¢æ35.00m,2151 ,7.24
179,Matthias Ginter,26,¢æ35.00m,2781 ,6.84
180,Marcel Sabitzer,26,¢æ35.00m,2507 ,7.24
181,James Rodriguez,29,¢æ35.00m,419 ,6.91
182,Alex Sandro,29,¢æ35.00m,2386 ,6.97
183,David de Gea,30,¢æ35.00m,3450 ,6.57
184,Thomas Muller,31,¢æ35.00m,2260 ,7.42
185,Wojciech Szczesny,30,¢æ35.00m,2592 ,6.96
186,Ismael Bennacer,22,¢æ33.00m,2488 ,7.07
187,Christopher Nkunku,23,¢æ33.00m,1927 ,7.33
188,Hirving Lozano,25,¢æ33.00m,1021 ,6.52
189,Dani Olmo,22,¢æ33.00m,754 ,7.01
190,Matheus Cunha,21,¢æ32.00m,1021 ,6.97
191,Matteo Guendouzi,21,¢æ32.00m,1748 ,6.69
192,Sandro Tonali,20,¢æ32.00m,3019 ,6.86
193,Boubacar Kamara,21,¢æ32.00m,2141 ,6.99
194,Dani Ceballos,24,¢æ32.00m,1699 ,6.84
195,Kieran Tierney,23,¢æ32.00m,993 ,6.64
196,Lorenzo Pellegrini,24,¢æ32.00m,2109 ,7.05
197,Allan Saint-Maximin,23,¢æ32.00m,1874 ,7.29
198,Ricardo Pereira,27,¢æ32.00m,2520 ,7.50
199,Nabil Fekir,27,¢æ32.00m,2652 ,7.22
200,Hector Bellerin,25,¢æ32.00m,1159 ,6.64
201,Ante Rebic,27,¢æ32.00m,1400 ,6.85
202,Florian Thauvin,27,¢æ32.00m,20 ,6.30
203,Filip Kostic,28,¢æ32.00m,2959 ,7.41
204,Konstantinos Manolas,29,¢æ32.00m,2178 ,6.71
205,Thorgan Hazard,27,¢æ32.00m,2393 ,7.21
206,Joel Matip,29,¢æ32.00m,704 ,7.29
207,Bernd Leno,28,¢æ32.00m,2650 ,6.88
208,Andrej Kramaric,29,¢æ32.00m,1423 ,7.21
209,Angel Di Maria,32,¢æ32.00m,2005 ,7.75
210,Dan-Axel Zagadou,21,¢æ31.50m,980 ,6.98
211,Pedri,18,¢æ30.00m,N/A,N/A
212,Edmond Tapsoba,21,¢æ30.00m,2408 ,6.69
213,Jonathan David,20,¢æ30.00m,N/A,N/A
214,Giovanni Reyna,18,¢æ30.00m,345 ,6.32
215,Reece James,20,¢æ30.00m,1514 ,6.90
216,Trincao,20,¢æ30.00m,1606 ,7.28
217,Takefusa Kubo,19,¢æ30.00m,2309 ,6.75
218,Carlos Soler,23,¢æ30.00m,2075 ,6.39
219,Ollie Watkins,24,¢æ30.00m,4430 ,7.26
220,Malcom,23,¢æ30.00m,829 ,7.33
221,Lucas Torreira,24,¢æ30.00m,1510 ,6.52
222,Manuel Locatelli,22,¢æ30.00m,2597 ,7.13
223,Unai Simon,23,¢æ30.00m,2992 ,6.64
224,Rodrigo de Paul,26,¢æ30.00m,2828 ,7.25
225,Inaki Williams,26,¢æ30.00m,2959 ,6.69
226,Wout Weghorst,28,¢æ30.00m,2741 ,7.06
227,Joaquin Correa,26,¢æ30.00m,2005 ,7.16
228,Konrad Laimer,23,¢æ30.00m,2124 ,6.96
229,Jose Gaya,25,¢æ30.00m,1989 ,6.64
230,Nico Elvedi,24,¢æ30.00m,2624 ,6.88
231,Sebastien Haller,26,¢æ30.00m,2263 ,7.08
232,Gerard Moreno,28,¢æ30.00m,2755 ,7.31
233,Kurt Zouma,26,¢æ30.00m,2344 ,6.91
234,Rodrigo,29,¢æ30.00m,1889 ,6.76
235,Lucas Digne,27,¢æ30.00m,3035 ,7.16
236,Hakan Calhanoglu,26,¢æ30.00m,2719 ,7.19
237,Jesus Corona,27,¢æ30.00m,2793 ,7.39
238,Antonio Rudiger,27,¢æ30.00m,1711 ,6.77
239,Jordi Alba,31,¢æ30.00m,2190 ,6.87
240,Leon Bailey,23,¢æ29.50m,1095 ,6.70
241,Bruno Guimaraes,23,¢æ28.00m,2235 ,7.17
242,Gabriel,22,¢æ28.00m,2087 ,6.93
243,Nikola Milenkovic,23,¢æ28.00m,3257 ,6.75
244,Harvey Barnes,22,¢æ28.00m,2094 ,6.76
245,Rafael Leao,21,¢æ28.00m,1397 ,6.72
246,Jarrod Bowen,23,¢æ28.00m,922 ,6.99
247,Steven Bergwijn,23,¢æ28.00m,2041 ,7.07
248,Sergio Reguilon,23,¢æ28.00m,2509 ,7.10
249,Florian Neuhaus,23,¢æ28.00m,2362 ,6.98
250,Harry Winks,24,¢æ28.00m,2230 ,6.57
251,Thilo Kehrer,24,¢æ28.00m,480 ,6.71
252,Andre Silva,25,¢æ28.00m,1580 ,6.87
253,Alejandro Grimaldo,25,¢æ28.00m,2301 ,7.42
254,Adrien Rabiot,25,¢æ28.00m,1914 ,6.82
255,James Tarkowski,28,¢æ28.00m,3420 ,7.19
256,Leander Dendoncker,25,¢æ28.00m,2795 ,6.68
257,Jordan Veretout,27,¢æ28.00m,2663 ,6.74
258,Benjamin Mendy,26,¢æ28.00m,1497 ,6.83
259,Nicolas Tagliafico,28,¢æ28.00m,2054 ,7.30
260,Michael Keane,27,¢æ28.00m,2586 ,6.83
261,Granit Xhaka,28,¢æ28.00m,2591 ,6.78
262,Kevin Volland,28,¢æ28.00m,2051 ,7.10
263,Jordan Henderson,30,¢æ28.00m,2244 ,7.15
264,Jude Bellingham,17,¢æ27.00m,2710 ,6.78
265,Douglas Luiz,22,¢æ27.00m,2608 ,6.63
266,Merih Demiral,22,¢æ27.00m,418 ,7.05
267,Robin Gosens,26,¢æ27.00m,2628 ,7.22
268,Tyrone Mings,27,¢æ27.00m,2903 ,6.63
269,Arkadiusz Milik,26,¢æ27.00m,1751 ,6.88
270,Lewis Dunk,29,¢æ27.00m,3231 ,6.89
271,Tiemoue Bakayoko,26,¢æ26.00m,1722 ,7.05
272,Jordan Pickford,26,¢æ26.00m,3450 ,6.40
273,Emre Can,26,¢æ26.00m,1239 ,6.74
274,Alex Iwobi,24,¢æ25.50m,1604 ,6.56
275,Corentin Tolisso,26,¢æ25.50m,638 ,6.68
276,Gabriel Martinelli,19,¢æ25.00m,657 ,6.40
277,Gabriel Veron,18,¢æ25.00m,N/A,N/A
278,Rayan Cherki,17,¢æ25.00m,N/A,N/A
279,Dwight McNeil,21,¢æ25.00m,3345 ,7.06
280,Fabio Silva,18,¢æ25.00m,N/A,N/A
281,Emerson,21,¢æ25.00m,1026 ,6.71
282,Benoit Badiashile,19,¢æ25.00m,1413 ,6.84
283,Dominik Szoboszlai,20,¢æ25.00m,N/A,N/A
284,Samu Chukwueze,21,¢æ25.00m,2039 ,6.63
285,Marash Kumbulla,20,¢æ25.00m,1958 ,6.79
286,Moise Kean,20,¢æ25.00m,1402 ,6.27
287,Ozan Kabak,20,¢æ25.00m,1776 ,6.85
288,Ben Godfrey,22,¢æ25.00m,2646 ,6.45
289,Jeff Reine-Adelaide,22,¢æ25.00m,870 ,8.03
290,Donyell Malen,21,¢æ25.00m,1191 ,7.59
291,Everton,24,¢æ25.00m,2277 ,7.33
292,Gaetano Castrovilli,23,¢æ25.00m,2681 ,6.94
293,Nikola Vlasic,23,¢æ25.00m,2651 ,7.50
294,Manuel Akanji,25,¢æ25.00m,2309 ,6.66
295,Mario Hermoso,25,¢æ25.00m,1220 ,6.61
296,Angelino,23,¢æ25.00m,1517 ,6.95
297,Issa Diop,23,¢æ25.00m,2766 ,6.62
298,Patrik Schick,24,¢æ25.00m,1304 ,7.06
299,Alex Meret,23,¢æ25.00m,1951 ,6.36
300,Abdou Diallo,24,¢æ25.00m,1203 ,6.88
301,Thomas Strakosha,25,¢æ25.00m,3420 ,6.81
302,Djene,28,¢æ25.00m,3060 ,6.64
303,Jeremie Boga,23,¢æ25.00m,2525 ,7.17
304,Mario Pasalic,25,¢æ25.00m,2426 ,6.94
305,Federico Bernardeschi,26,¢æ25.00m,1576 ,6.52
306,John Stones,26,¢æ25.00m,1119 ,6.68
307,Pierre-Emile Hojbjerg,25,¢æ25.00m,2751 ,6.83
308,Felipe Anderson,27,¢æ25.00m,1508 ,7.23
309,Inigo Martinez,29,¢æ25.00m,2970 ,6.90
310,Yussuf Poulsen,26,¢æ25.00m,1219 ,6.87
311,Felipe,31,¢æ25.00m,2099 ,6.97
312,Yannick Carrasco,27,¢æ25.00m,2713 ,7.15
313,Conor Coady,27,¢æ25.00m,3420 ,6.51
314,Abdoulaye Doucoure,27,¢æ25.00m,3167 ,6.67
315,Paco Alcacer,27,¢æ25.00m,1460 ,6.66
316,Allan,29,¢æ25.00m,1281 ,6.66
317,Jose Campana,27,¢æ25.00m,3160 ,7.00
318,Sergi Roberto,28,¢æ25.00m,2342 ,6.85
319,Lucas Moura,28,¢æ25.00m,2249 ,6.96
320,Pablo Sarabia,28,¢æ25.00m,1165 ,6.73
321,Gareth Bale,31,¢æ25.00m,1092 ,6.82
322,Marco Reus,31,¢æ25.00m,1502 ,7.50
323,Karim Benzema,32,¢æ25.00m,3155 ,7.44
324,Boubakary Soumare,21,¢æ24.50m,1217 ,6.35
325,Florian Wirtz,17,¢æ24.00m,N/A,N/A
326,Igor Zubeldia,23,¢æ24.00m,2639 ,6.61
327,Timothy Castagne,24,¢æ24.00m,1764 ,6.72
328,Yeray Alvarez,25,¢æ24.00m,2811 ,6.99
329,Rafa Silva,27,¢æ24.00m,1699 ,7.11
330,Andre Gomes,27,¢æ24.00m,1461 ,6.43
331,Ruben Loftus-Cheek,24,¢æ24.00m,205 ,6.31
332,Andreas Christensen,24,¢æ24.00m,1754 ,6.75
333,Victor Lindelof,26,¢æ24.00m,3124 ,6.71
334,Domenico Berardi,26,¢æ24.00m,2505 ,7.45
335,Alex Oxlade-Chamberlain,27,¢æ24.00m,1493 ,6.63
336,Danilo Pereira,29,¢æ24.00m,2155 ,6.98
337,Idrissa Gueye,31,¢æ24.00m,1655 ,7.33
338,Willian Jose,29,¢æ24.00m,2018 ,6.51
339,Julian Draxler,27,¢æ24.00m,685 ,6.93
340,Nordi Mukiele,23,¢æ23.00m,1785 ,7.07
341,Cengiz Under,23,¢æ23.00m,873 ,6.87
342,Nahitan Nandez,24,¢æ23.00m,2932 ,6.65
343,Kasper Dolberg,23,¢æ23.00m,1895 ,6.94
344,Duje Caleta-Car,24,¢æ23.00m,1884 ,6.80
345,Remo Freuler,28,¢æ23.00m,2344 ,6.80
346,Marten de Roon,29,¢æ23.00m,2718 ,6.90
347,Reinier,18,¢æ22.50m,711 ,6.89
348,William Saliba,19,¢æ22.50m,991 ,6.69
349,Wesley Fofana,19,¢æ22.50m,1215 ,6.80
350,Evan N'Dicka,21,¢æ22.50m,1725 ,6.54
351,Scott McTominay,23,¢æ22.50m,1772 ,6.92
352,Morgan Sanson,26,¢æ22.50m,2186 ,6.97
353,Callum Wilson,28,¢æ22.50m,2911 ,6.51
354,Pedro Neto,20,¢æ22.00m,929 ,6.45
355,Max Aarons,20,¢æ22.00m,3240 ,6.55
356,Luiz Felipe,23,¢æ22.00m,2030 ,6.76
357,Ismaila Sarr,22,¢æ22.00m,2030 ,6.71
358,Riccardo Orsolini,23,¢æ22.00m,2694 ,6.89
359,Kalvin Phillips,24,¢æ22.00m,3254 ,7.22
360,Alexander Isak,21,¢æ22.00m,1500 ,6.41
361,Weston McKennie,22,¢æ22.00m,2078 ,6.78
362,Said Benrahma,25,¢æ22.00m,3843 ,7.49
363,Luka Jovic,22,¢æ22.00m,422 ,6.35
364,Daniel Podence,25,¢æ22.00m,287 ,6.49
365,Gianluca Mancini,24,¢æ22.00m,2773 ,6.78
366,Neal Maupay,24,¢æ22.00m,2770 ,6.66
367,Luke Shaw,25,¢æ22.00m,1764 ,6.85
368,Eric Dier,26,¢æ22.00m,1342 ,6.71
369,Giovanni Di Lorenzo,27,¢æ22.00m,2970 ,6.86
370,Matteo Politano,27,¢æ22.00m,997 ,6.59
371,Dennis Praet,26,¢æ22.00m,1135 ,6.39
372,Luis Muriel,29,¢æ22.00m,1246 ,6.95
373,Mario Fernandes,30,¢æ22.00m,2604 ,7.13
374,Aleksandar Mitrovic,26,¢æ22.00m,3619 ,7.23
375,Aaron Ramsey,29,¢æ22.00m,1049 ,6.63
376,Krzysztof Piatek,25,¢æ21.50m,1190 ,6.50
377,Ross Barkley,26,¢æ21.50m,1104 ,6.84
378,Ruslan Malinovskyi,27,¢æ21.00m,1523 ,7.00
379,Rayan Ait Nouri,19,¢æ20.00m,1286 ,6.74
380,Kang-in Lee,19,¢æ20.00m,445 ,6.20
381,Matheus Henrique,22,¢æ20.00m,1766 ,7.05
382,Carlos Vinicius,25,¢æ20.00m,1784 ,7.01
383,Krepin Diatta,21,¢æ20.00m,N/A,N/A
384,Jeremy Doku,18,¢æ20.00m,N/A,N/A
385,Lisandro Martinez,22,¢æ20.00m,2033 ,7.41
386,Eric Garcia,19,¢æ20.00m,791 ,6.69
387,Lucas Paqueta,23,¢æ20.00m,1102 ,6.53
388,Edouard Mendy,28,¢æ20.00m,2160 ,6.95
389,Youcef Atal,24,¢æ20.00m,1006 ,7.15
390,Ryan Sessegnon,20,¢æ20.00m,343 ,6.32
391,Wesley,24,¢æ20.00m,N/A,N/A
392,Patson Daka,22,¢æ20.00m,N/A,N/A
393,Sergino Dest,20,¢æ20.00m,1444 ,6.81
394,Amadou Diawara,23,¢æ20.00m,1523 ,6.71
395,Andre Zambo Anguissa,25,¢æ20.00m,2582 ,7.06
396,Lucas Tousart,23,¢æ20.00m,1762 ,6.90
397,Eddie Nketiah,21,¢æ20.00m,500 ,6.34
398,Unai Nunez,23,¢æ20.00m,1569 ,6.55
399,Joelinton,24,¢æ20.00m,2699 ,6.67
400,Todd Cantwell,22,¢æ20.00m,2504 ,6.59
401,Riqui Puig,21,¢æ20.00m,508 ,6.81
402,Justin Kluivert,21,¢æ20.00m,1554 ,6.73
403,Fikayo Tomori,22,¢æ20.00m,1293 ,6.88
404,Jonathan Bamba,24,¢æ20.00m,1942 ,6.82
405,Mauro Arambarri,25,¢æ20.00m,3072 ,6.73
406,Yerry Mina,26,¢æ20.00m,2282 ,6.83
407,Sofyan Amrabat,24,¢æ20.00m,2929 ,6.77
408,Marc Cucurella,22,¢æ20.00m,3250 ,6.82
409,Tomas Soucek,25,¢æ20.00m,1041 ,7.14
410,Moussa Marega,29,¢æ20.00m,2316 ,7.20
411,Nemanja Maksimovic,25,¢æ20.00m,2898 ,6.71
412,Aleksandr Golovin,24,¢æ20.00m,2069 ,7.11
413,Joan Jordan,26,¢æ20.00m,2267 ,6.94
414,Suat Serdar,23,¢æ20.00m,1605 ,7.31
415,Dean Henderson,23,¢æ20.00m,3240 ,6.72
416,Renato Sanches,23,¢æ20.00m,1482 ,7.13
417,Gelson Martins,25,¢æ20.00m,1682 ,6.86
418,Zeki Celik,23,¢æ20.00m,2070 ,6.73
419,Ayoze Perez,27,¢æ20.00m,2020 ,6.77
420,Diego Llorente,27,¢æ20.00m,2330 ,6.51
421,Enis Bardhi,25,¢æ20.00m,2114 ,6.77
422,Gabriel Barbosa,24,¢æ20.00m,2547 ,7.55
423,Juan Musso,26,¢æ20.00m,3420 ,6.93
424,Alexander Sorloth,24,¢æ20.00m,2990 ,7.57
425,Stefano Sensi,25,¢æ20.00m,727 ,7.11
426,Alex Remiro,25,¢æ20.00m,2250 ,6.61
427,Oleksandr Zinchenko,23,¢æ20.00m,1273 ,6.70
428,Jonathan Tah,24,¢æ20.00m,2090 ,6.90
429,Florian Grillitsch,25,¢æ20.00m,2412 ,6.80
430,Lucas Alario,28,¢æ20.00m,1165 ,6.64
431,Mike Maignan,25,¢æ20.00m,2520 ,6.58
432,Jean-Philippe Gbamin,25,¢æ20.00m,135 ,6.76
433,James Ward-Prowse,26,¢æ20.00m,3420 ,7.15
434,Sardar Azmoun,25,¢æ20.00m,2102 ,7.34
435,Matt Doherty,28,¢æ20.00m,2841 ,6.99
436,Leandro Paredes,26,¢æ20.00m,807 ,6.61
437,Danny Ings,28,¢æ20.00m,2815 ,7.12
438,Suso,27,¢æ20.00m,2146 ,6.79
439,Emil Forsberg,29,¢æ20.00m,1142 ,6.71
440,Stefan Savic,29,¢æ20.00m,1980 ,6.76
441,Chris Smalling,31,¢æ20.00m,2596 ,7.00
442,William Carvalho,28,¢æ20.00m,894 ,6.41
443,Kieran Trippier,30,¢æ20.00m,1981 ,6.99
444,Isco,28,¢æ20.00m,1190 ,6.70
445,Douglas Costa,30,¢æ20.00m,793 ,6.75
446,Marcel Halstenberg,29,¢æ20.00m,2523 ,7.15
447,Sergio Canales,29,¢æ20.00m,3167 ,6.88
448,Pizzi,31,¢æ20.00m,2827 ,7.61
449,Cesar Azpilicueta,31,¢æ20.00m,3230 ,7.12
450,Henrikh Mkhitaryan,31,¢æ20.00m,1647 ,6.63
451,Toby Alderweireld,31,¢æ20.00m,2958 ,6.82
452,Mats Hummels,31,¢æ20.00m,2586 ,7.11
453,Dusan Tadic,32,¢æ20.00m,2172 ,7.72
454,Alessio Cragno,26,¢æ20.00m,1440 ,6.96
455,Daley Blind,30,¢æ20.00m,1745 ,7.20
456,Dodi Lukebakio,23,¢æ19.00m,2047 ,6.83
457,Viktor Tsygankov,23,¢æ19.00m,N/A,N/A
458,Stanislav Lobotka,26,¢æ19.00m,753 ,6.57
459,Oscar,29,¢æ19.00m,2520 ,7.97
460,Anthony Lopes,30,¢æ19.00m,2340 ,6.71
461,Willian,32,¢æ19.00m,2605 ,7.31
462,Paulinho,32,¢æ18.50m,2436 ,7.66
463,Antony,20,¢æ18.00m,2383 ,7.14
464,Thiago Almada,19,¢æ18.00m,1198 ,6.82
465,Darwin Nunez,21,¢æ18.00m,N/A,N/A
466,Tariq Lamptey,20,¢æ18.00m,591 ,6.84
467,Mohamed Ihattaren,18,¢æ18.00m,N/A,N/A
468,Musa Barrow,22,¢æ18.00m,1540 ,6.83
469,Eberechi Eze,22,¢æ18.00m,4063 ,7.36
470,Myron Boadu,19,¢æ18.00m,2020 ,7.19
471,Raphinha,23,¢æ18.00m,2055 ,7.08
472,Calvin Stengs,21,¢æ18.00m,2158 ,7.38
473,Amadou Haidara,22,¢æ18.00m,745 ,6.55
474,Exequiel Palacios,22,¢æ18.00m,1070 ,6.91
475,Eljif Elmas,21,¢æ18.00m,1128 ,6.40
476,Pablo Fornals,24,¢æ18.00m,2179 ,6.48
477,Florentino,21,¢æ18.00m,746 ,7.19
478,Mason Holgate,24,¢æ18.00m,2084 ,6.77
479,Sander Berge,22,¢æ18.00m,950 ,6.81
480,Valentin Rongier,25,¢æ18.00m,1793 ,7.07
481,Takehiro Tomiyasu,22,¢æ18.00m,2532 ,6.81
482,Manuel Lazzari,26,¢æ18.00m,2555 ,6.57
483,Christoph Baumgartner,21,¢æ18.00m,1496 ,6.75
484,Diego Rossi,22,¢æ18.00m,3082 ,7.38
485,Milot Rashica,24,¢æ18.00m,2278 ,6.99
486,Ainsley Maitland-Niles,23,¢æ18.00m,1383 ,6.63
487,Carles Alena,22,¢æ18.00m,902 ,6.30
488,Ramy Bensebaini,25,¢æ18.00m,1450 ,7.14
489,David Brooks,23,¢æ18.00m,513 ,6.37
490,Hans Hateboer,26,¢æ18.00m,2355 ,6.66
491,Aleksey Miranchuk,25,¢æ18.00m,2273 ,7.31
492,Otavio,25,¢æ18.00m,2213 ,6.92
493,Bryan Cristante,25,¢æ18.00m,1644 ,6.53
494,Kepa,26,¢æ18.00m,2970 ,6.36
495,Emerson,26,¢æ18.00m,1026 ,6.71
496,Nathan Redmond,26,¢æ18.00m,2771 ,6.96
497,Kerem Demirbay,27,¢æ18.00m,1578 ,6.91
498,Nikola Maksimovic,29,¢æ18.00m,1801 ,6.79
499,Leonardo Spinazzola,27,¢æ18.00m,1549 ,6.67
500,Marcos Alonso,29,¢æ18.00m,1433 ,7.30
